Signál pro Fialu: Švábi v Londýně demonstrují proti vládě, za předčasné volby. Totéž, co u nás „Putinova pátá kolona“? Co kvikne po úterku chromá kachna v USA? Vaří se to všude. Ještě to nebude lehké. Ale zvítězíme!;Petr Hájek navzdory stále drtivějšímu tlaku Fialové brutální totality a nebezpečí zničující války, která může vypuknout vlastně kdykoli, vidí na konci tunelu světélka naděje
Halloween: Měli jsme Dušičky, slavnost Všech svatých. Teď oslava démonů importovaná ze Západu. V hlavní roli smrt. Zvesela za ďáblem? Propaganda klasicky míří hlavně na děti a mládež. Křesťan musí Halloween odmítnout;Jerzy Wolak shrnuje pět hlavních důvodů proč musí katolík ignorovat pohanský svátek oslavující kult smrti, který spolu s dalšími dekadentními a satanistickými praktikami uměle importovanými ze Západu je dnes vnucován našim dětem nejen ve školách, ale i v mnoha propagandou zpitomělých nic netušících rodinách
Tea Party: Naučili jste mě pracovat s informacemi. Soňa zazářila. Zeman pošpinil řády Zelenským. Práce s vnuky. Proč oprášit psací stroje? Přestat platit ČT? Opravdu je Země kulatá? Jaká bude letos zima?;Protiproud TV přináší další schůzku Petra Hájka se čtenáři a diváky režimem „zakázaného“ kontrarevolučního magazínu, kde ve svobodné diskusi společně  hledají odpovědi na nejpodstatnější či (zdánlivě) méně podstatné otázky zničující doby a hledají v ní světélka naděje
Čistá energie neexistuje: Mýtus, nebo vědomá lež? Půl století rabování peněz. Bývalí hipíci v čele. Ničení pod hesly o dobru. Špinavá realita. Jen dojmy z blyštivé techniky. Útěk od reality k tyranii. Na světlušky nemáme!;Daniel Greenfield odkrývá mystifikace o takzvané čisté energii, vysvětluje, že zas tak čistá není - a také proč ji mnoho po desítky let balamucených lidí stále jako čistou vnímá
Rakušanův "zvací dopis": Proč asi k nám novodobý Bilak zve milionovou armádu Ukrajinců? Kyjevizace českého státu pokračuje. Ožebračování našich občanů nabírá na obrátkách. Média, cenzura a hynoucí český lev. Jak dlouho ještě?;Jindřich  Kulhavý jednoduchou "inventurou" zničujících kroků Fialovy "kyjevské vlády" dochází k závěru, že milion dalších Ukrajinců, které k nám na zimu zvou, má být možná "armádou", která za žold příspěvků, sociálních dávek a dalších benefitů z rostoucího astronomického dluhu, je má ochránit před hněvem lidu
K výročí převratu: Za názor do basy? "Dialog" Rakušanových estébáků. To už tady bylo. Hrůza z Andreje B. Další "lex Babiš"? Udávat je opět ctnost. Disidenti dnes kandidují za Okamuru. Totalita je zpět. Více o tom na Hovorech;Michal Semín komentuje kroky vlády při zavádění estébáckých totalitních nástrojů pro umlčení nepohodlných a svobodomyslných, což třiatřicet let po "sametovém" převratu znovu přesvědčivě ilustruje, jaký byl jeho skutečný smysl
Ukrajinský generál o blízké ruské zimní ofenzívě: Nebude již prý čím ji odrazit. Rozkol v Kyjevě? Proč chce nová italská vláda okamžité jednání s Vladimírem Putinem? Proč zastavuje další dodávky zbraní? A co v tom změní volby v USA?;Michal Svatoš přináší pozoruhodně skeptické informace z nejvyššího kyjevského velení, jež jsou v přímém rozporu s tím, co neustále hlásá Zelenský - a po něm papouškují západní média (a jejich pobočky u nás) - dává to do souvislostí s novým kurzem italské vlády a očekává brzký překvapivý vývoj
Doktorka Soňa Peková: Křehká žena, která zvedla prapor odboje. Fakta proti lžím. Umělý virus. Kýble špíny a pomluv. Kdo to stvořil a rozšířil? Modlitba za Putina. Chtějí vybít většinu populace. Jsme něčí hologram?;Protiproud TV přináší rozhovor s nepodvolenou lékařkou a viroložkou Soňou Pekovou, která jako u nás první zjistila, že covid je umělého původu, že vakcína není vakcínou, že státní „sanitární diktatura“ má jiný důvod – a šla s tím na veřejnost 
Fialova vláda zkázy krade lidem úspory: Zelený fašismus nás potřebuje srazit na kolena. Německá spojka. Pátá kolona? Ano, ta ve Strakovce! Máme žít bez peněz? Bez masa? Bez aut? Bez kamen? Bez obrany? Necháme se zamordovat?;Zdeněk Koudelka viní vládu z války proti vlastním občanům, které chce podle německo-bruselských not všeobecné destrukce připravit o ty nejzákladnější podmínky k existenci, ačkoli máme všechny podmínky k prosperitě a normálnímu spokojenému lidskému životu
Viktor Orbán: USA odcházejí ze scény a EU se rozpadá. Německo je oslabené liberalismem a na celém Západě panují dvojí standardy. Přijmeme imigranty, ale jen ze Západu. EU nás vydírá a vtahuje do války, kterou nechceme;EurAsia Daily přináší výtah z rozhovoru Viktora Orbána pro list Budapester Zeitung, jehož obsah dalece přesahuje zájmy německé menšiny v Maďarsku
Fialova zahraniční vláda: Utíkají na Ukrajinu, česká realita je nezajímá. HDP klesá? Nejdražší elektřina v Evropě? Padáme do recese? Šup před kamery do Kyjeva! Nikoli prezidenta Babiše, ale premiéra Fialu si tato země nezaslouží!;Ivo Strejček konstatuje, že propagandistickým útěkem do zahraničí demoliční Fialova vláda nezachrání ani sebe, natož hroutící se český stát a občany, které nechává stále hlouběji padat do bezvýchodné situace
Fialova zahraniční vláda: Utíkají na Ukrajinu, česká realita je nezajímá. HDP klesá? Nejdražší elektřina v Evropě? Padáme do recese? Šup před kamery do Kyjeva! Nikoli prezidenta Babiše, ale premiéra Fialu si tato země nezaslouží!;Ivo Strejček konstatuje, že propagandistickým útěkem do zahraničí demoliční Fialova vláda nezachrání ani sebe, natož hroutící se český stát a občany, které nechává stále hlouběji padat do bezvýchodné situace
Saúdové ponížili Bidena: Demokraté jsou zděšeni. Bílý dům přivolává na saúdské království černou smrt. Snížení těžby ropy dohodnuté s Ruskem: Prý kudla do zad Bidenovi před volbami. EU se plazí, svět se narovnává;EurAsia Daily komentuje nečekaný obrat saúdského korunního prince, který se postavil zády k Bidenovi škemrajícímu o pozdržení snížení těžby ropy až po listopadových volbách - a dovozuje z toho cosi podstatnějšího, co samozřejmě v "demokratickém a svobodném" západním tisku nenajdeme
Záhadná proměna: Z evropských pacifistů váleční jestřábi. Lehali si na koleje, teď sedí ve vládách. Sovětský svaz nevadil, Solženicynovo Rusko ano. Za Atlantikem totéž. Změní to blízké volby? Fiala přes rudý kopírák;Ladislav  Jakl konstatuje pozoruhodný obrat někdejších protijaderných západních mírových aktivistů, kteří dnes sedí ve vládách, jež chrlí zbraně na Ukrajinu a ptá se, zda se v tom něco změní, pokud ve volbách do amerického Kongresu vyhrají republikáni
Poplašná (dobrá) zpráva: Rakušan se pověsil (na Kachlíkárnu)! Odporný plakát je jeho zosobněním. Nevzdělaná knihovnice a jeden vyděšený vojenský policajt. Což takhle dát si Solženicyna? Za Říši, Chvilkaři! S vámi do pekel!;Petr Hájek se stydí za kolaboranty ze Strakovky, pokouší se modelovat, co by se stalo, kdyby „blbost nadnášela“ a našim protiruským válečníkům doporučuje četbu (což je ovšem pro Spolčení tupců nadlidský úkol)
Proroctví Bartoloměje Holzhausera: Věk útěchy. Nový koncil odčiní hereze druhého Vatikánu. Mocný Monarcha a osvícený papež. Obrácení Židů a Mohamedánů. Obnova křesťanské civilizace. Pak Antikrist a konec světa;Margaret C. Galitzin přináší proroctví německého katolického kněze a mystika popisujícího sedm věků katolické církve a úpadek světa v době, kterou právě prožíváme
Zachraňme náš stát: Nová iniciativa chce koordinovat postup vlasteneckých sil. Chceme žít v bezpečné zemi. Fialova vláda nás žene do chudoby a války. Hnutí odporu je třeba spojit do jednoho proudu: Sdílet informace, spolupracovat;Pavel  Kopecký přináší zprávu o vzniku nové iniciativy, která chce koordinovat občanský odpor proti Fialově vládě, aby se jednotlivé proudy netříštily, ale spojily v řeku, která vyplaví Strakovku 
Tea Party nepodvolených: Jsme rodina. A přijdou i děti. Je nenásilná (kontra) revoluce již realitou? Nenechme se vyprovokovat. Případ Husákových dětí. Obrácení. My je cenzurovat nebudeme. V + W v naší době;Protiproud TV přináší další „intimní“ setkání Petra Hájka s protiproudaři ze všech koutů naší vlasti, na něž ještě dopadá světlo a atmosféra včerejší velké protivládní demonstrace v Praze
Prezident k Bojovníkům za svobodu: Jsme v nejhorší chvíli od roku 1989. Fialova vláda nové Národní fronty chce uťápnutého občana. Už opět je povolen jen jediný názor. Státní svrchovanost a národní identita ohrožena. Spojme se!;Václav Klaus pronesl dnes v poledne zásadní řeč k (vládou fakticky zakázaným a pronásledovaným) Bojovníkům za svobodu - což bude zřejmě jediný skutečně prezidentský projev, který k výročí republiky zazní, ačkoli právě takový by měl být obsahem večerní slavnosti ve Vladislavském sále 
Politické procesy se rozjíždějí naplno: Čermák a Tušl mají jít sedět "natvrdo". Začíná další vlna vypínání svobodných webů? Co ukážou další demonstrace nepodvolených v Praze a v Brně? Hovory na pravici: Za názor do basy?;Radek Pokorný  komentuje další případy "výroby" vězňů svědomí současným tyranským režimem, vidí v tom již zcela zjevné paralely nejen s tím předlistopadovým a mapuje situaci před protivládními demonstracemi na státní svátek 28. října i dalšími chystanými aktivitami hnutí odporu nepodvolených
Všechno je (a bylo) jinak: Lžou nám o tom, co bylo před hodinou. Co bylo včera. Co jsme zažili. Přesto nám do očí tvrdí opak. Měli jsme být královstvím? A co tatíček Masaryk? Jsme ukradená republika? Půjdeme do ulic?;Protiproud TV v dalším dílu pořadu Nepodvolení v Protiproudu uvádí diskusi Petra Hájka s „nepodvoleným historikem“ o převratu, údajně demokratické 1. republice – a souvislostech, které právě žneme v dramatech dnešních dnů
Porada u šéfa našich fízlů: Fiala přišel „políbit prsten“. Konspirace jako za Havla? Gang pěti v chaosu. Trpaslík, skřítek, traktorista a elektrikář ve při. Co chtějí, víme. Sprostí podezřelí. Poučení pro děvčátka;Petr Hájek zaznamenal pozoruhodnou „návštěvu u soudruhů“, a zatímco si je jist, že nás tajní už sotva něčím překvapí, doporučoval by zdejším kolaborantům a uchvatitelům, aby se moc neradovali, protože…
Noční můra bez konce: Bojovnice za smrt v Akademii pro život? Útoky zvenčí, rozvrat zevnitř. Jak demokraté zapalují kostely. Dvojí metr. Američané se mají nač těšit. A co my? Fatální rozkol je patrný již všude;Radomír Malý komentuje stupňující se sprosté a brutální útoky v USA na odpůrce "vraždění neviňátek", což dále stupňuje rozklad a rozpory v Církvi, s nimiž souvisí i aktuální šokující zpráva z Říma
Denacifikace a demilitarizace Ukrajiny: Nutnost zakročit proti dědicům Třetí říše. Modrožlutá stužka místo hákového kříže. Rusko má podle OSN povinnost zabránit rozvoji nacismu ve světě. Šokují fotografie usvědčují Západ ze lži;Pavel  Kopecký se zamýšlí nad pokrytectvím západních a českých politiků a médií, kteří podporují Zelenského nacistickou juntu a přináší řadu obrazových materiálů a důležitý filmový dokument italského režiséra svědčící o nacistické povaze kyjevského režimu
Setkání nad čajem, aneb další Tea Party: Padne Fialova vláda, nebo tu zůstane ještě tři roky? Jak je to s nebezpečím jaderné války? Co změní listopadové volby v USA? Pozor na výzvy k převratu. Jsme víc, než tuší;Protiproud TV přináší další setkání Petra Hájka s diváky a čtenáři Protiproudu nad dopisy, které v koši opravdu nekončí – a tentokrát se jejich prostřednictvím už dostáváme k opravdu závažným otázkám našich dnů
U snědeného krámu: Kam tečou naše peníze? Firmy vesele potopí - a ostatní jakbysmet. Americké a bruselské zadání pro Fialu. Mobilizace? Tak jedna rota zpitomělých. Už si to srovnejme v hlavě. Vysávají vše, co ještě zbývá;Jindřich  Kulhavý komentuje současnou ekonomickou a politickou situaci, kterou je naše vláda pod cizí taktovkou pevně odhodlaná ještě dále zhoršit
Největší problémy doby: NHL jen pro muže, bělochy a hetero? Diskriminace kam se podíváš! Ty jsi Evropa, já jsem traktor. Tak jo. Všechno ať je důsledně 50 na 50. Co takhle začít manželstvím? To by šlo, ne?;Ladislav  Jakl se už jen směje dalším a dalším šílenstvím, která naší hroutící se civilizaci uprostřed reálných krizí dál ordinují pomatení bojovníci proti diskriminaci - protože smích, jak praví básník, "ten dělá z lidí orly a z malých dětí staví armády..."
Ceny amerického plynu: Nepřátelský akt vůči Evropě. Válka na Ukrajině coby záminka k našemu vydírání. USA ničí evropské ekonomiky sabotážemi. Odstavení Nord Streamu učinilo kontinent závislý na americkém LNG;Vladimír Badmajev na příspěvcích internetových uživatelů dokumentuje skutečnost, že v Evropě na pozadí energetické krize roste rozhořčení nad astronomickými cenami zkapalněného plynu z USA
Mráz přichází z Bruselu: Obrazně i doslova. Budeme mrznout a žebrat. Ale ne kvůli Putinovi, jak nám lžou. Všechno je to zrůdný plán „majitelů“ a bachařů věznice národů. Není na čase ji rychle opustit? A lze to vůbec?;Protiproud TV uvádí diskusi Petra Hájka s Matějem Gregorem, předsedou spolku Odchod, který se již několik roků snaží vytvářet podmínky k tomu, aby se opět jednou „nemožné stalo skutečností“
Pentagon se připravuje na Velkou válku: Mamutí export pro Kyjev vyčerpává už i životně důležité rezervy. Třetí světovou připíšeme Rusku a Číně. Astronomický zbrojní rozpočet dost raket nevyrobí. Dvacátá léta jsou a budou kritická;Vladimír Malyšev komentuje tlak amerických jestřábů na zvyšování amerického zbrojního rozpočtu jako přípravy na třetí světovou válku, přičemž na propagandě je, aby její rozdmýchání připsala Rusku a Číně
Generál Armagedon: Je čas na obtížná rozhodnutí. Nepřítelem není Ukrajina, ale zločinecký kyjevský režim. Žene je jako rukojmí na smrt. 600 až 1000 denně. Na rozhodující bitvu o Cherson jsme připraveni. Začne to brzy;Václav Danda přináší přehled nejdůležitějších tezí ze zásadního vyjádření velitele Speciální vojenské operace na Ukrajině, generála Sergeje Surovikina před nadcházející bitvou o Cherson, která podle požadavků Washingtonu a NATO musí začít v nejbližších. dnech
Případ Camposová: Dva lidé mezi nebem a peklem. Klást odpor hříchu až k prolití vlastní krve. Neustoupila vrahovi ani po ránách nožem. Protiváha pansexualismu a genderismu. Blahoslavená Isabelo, oroduj za nás!;Radomír Malý přináší zprávu, že letos 10. pro­sin­ce bude pro­hlá­še­na Katolickou církví za bla­ho­sla­ve­nou stu­dent­ka me­di­cí­ny Isa­bela Cris­ti­na Cam­poso­vá z Brazílie, která za svoji věrnost mravním zásadám zaplatila pozemským životem 
Útok na most: Operace západních tajných služeb a SBU. Plán vypracoval pro MI6 veterán Hugh Ward. Kromě výbušniny v autě navrhl i útok potápěči a drony. Základy třetí světové války byly položeny. Britové ji doufají vyvolat;Kit  Klarenberg německý investigativní novinář přináší svědectví o tom, že NATO ve spolupráci s Brity a ukrajinskou tajnou službou SBU dlouhodobě plánovalo různé varianty útoku na Kerčský most a další důležité objekty na Krymu 
Na čaji se čtenáři a diváky: Kam to chtějí stupňovat? Ožebračí nás. Nebude čím topit, svítit. Potraviny budou luxus. Ale cenzurovat a zakazovat, na to čas mají. Aby si na jejich lži a válečné štvaní někdo neposvítil;Protiproud TV uvádí obnovenou Tea Party, čili povídání šéfredaktora se čtenáři a diváky prostřednictvím jejich dopisů, v nichž tentokrát dominovalo jedno hlavní téma
Vražda v bratislavské Teplárně: Dvojí metr soudružek a soudruhů. Je pravda výronem nenávisti? Diskuse je v našem století zakázána. Nedotknutelní ničitelé společnosti. Rakušanův balík nenávisti. Ruští švábi pod výjimkou;Michal Semín v souvislosti s incidentem v bratislavském gay baru poukazuje na dvojí metr našich médií a politiků, který se právě opět ukazuje v plné nahotě
Kanibalové před branami: Odlidštění nepřátel jako pracovní nástroj nové totality. Zelení fanatici chtějí, abychom se požírali. Prý to zlepší počasí (vydávané za klima). Zrodí se uprostřed krizí pozoruhodná žena? Možná tu už je;Ladislav  Jakl se z mainstreamem již pootevřeného Overtonova okna rozhlíží po kanibalech v doslovném i přeneseném slova smyslu, a v naopak stále se zužující štěrbině svobody by rád zahlédl postavu, jež, zdá se, odkráčela na Věčnost spolu s normálním lidským světem 
Náraz do zdi před námi: Vyměnit vládu, nebo režim? Budou nás cenzurovat a zavírat. Husák normalizoval chytřeji než Fiala a Rakušan. Chtějí vyprovokovat boj v ulicích? Jděte už s tou demokracií… někam. Za rohem válka?;Protiproud TV uvádí rozhovor s významným bezpečnostním expertem Janem Schneiderem, který už ani jako bývalý chartista nesmí na obrazovky ČT, protože nežvaní, ale říká nepříjemné pravdy, což v otevřené diskusi s Petrem Hájkem je naopak přednost
Pozor na falešnou vlajku: Pokud někdo odpálí atomovku, nebudou to Rusové, ale USA. Moskva jaderné zbraně použít nepotřebuje. 100 vteřin od Armagedonu. Zelenský po něm volá. Jedna frakce CIA je zjevně proti. Co převáží?;Kevin  Barretta varuje před nebezpečím jaderné apokalypsy, kterou může kdykoli spustit americko-ukrajinská provokace pod falešnou vlajkou - v souvislosti s kritickou situací kyjevských jednotek na bojišti, již jen ukro-západní propaganda vydává za úspěch  
Nová postava politické scény: Nás si nemohou koupit! Na čem záleží Fialovi především? Mizí nám kus historie. Fialová pohroma horší než světové války? (Bez)nadějné vyhlídky. Láska k vlasti není prázdný pojem. Rozhoří se?;Jindřich Rajchl komentuje jeden velmi smutný následek naší vládní politiky a představuje své politické krédo, s nímž vstupuje do nelehkého boje
Teror: Západní metody se příliš neliší od islamistických. Monstrum pro válku proti Rusku. Útok na ropovod, který je pro nás životně důležitý. Kdo? Jak? Netřeba složitě hledat. Nicnetušící řidič jel na smrt. Jsme na tom přesně jako on;Václav Danda komentuje nedávné útoky na ropovody Družba a přináší nová fakta ruských vyšetřovatelů o atentátu na krymský most, která názorně ilustrují metody západních teroristů   
Unie sebevrahů na kolenou: Zkáza Starého kontinentu strýčkem Samem. Sabotáž baltských plynovodů je jen začátek. Partner? Ochránce? Ne. Drsný nepřítel. Politici to vědí, ale nesmějí o tom mluvit. Kdo může prchá za louži;Viktorie Nikiforová je přesvědčena o zkáze Evropy cynicky organizované z údajně přátelských Spojených států, o jejím sebevražedném počínání a rozvratu zemí, jež jejich vlastní elity zrazují a opouštějí jako krysy potápějící se loď
Orbán u Klause: Porada disidentů před hradní Macronovou šaškárnou. Klaus: Potřebovali  u nás Fialu, aby mohli zničit zbytky naší suverenity. Chtějí vytvořit US (E). Jakl: Maďaři své zájmy hájit umějí. My se jen přimykáme. Ke kaktusu;Petr Hájek upozorňuje na "setkání disidentů" Václava Klause a Viktora Orbána, jež předcházelo obludnost na Pražském hradě, a přináší k tomu vyjádření exprezidenta o smyslu té hradní frašky, a také "několik vět" Ladislava Jakla, který se "konspiračního jednání" v Klausově institutu zúčastnil  
Vypadá to, že jdeme do finále: Jaderné zbraně pro Kyjev? USA s atomovou válkou v Evropě už docela otevřeně počítají. Už nás na tento "humanitární" podnik připravují. Stálo za sabotáží v Baltském moři Polsko?;Ivan Štubňa komentuje stále sílící americké úvahy o možném dodání atomových zbraní Kyjevu a přináší zasvěcený pohled na stále konkrétnější plány Washingtonu při spuštění války v Evropě skrze své vazaly v Kyjevě a ve Varšavě
Vzbouřená Itálie: Proč lidé smetli protektorátní bruselskou vládu. Proč se ale tak podvolili covidismu a vakcinaci? Kdo vlastně je Giorgia Meloni? Není to všechno trochu jinak? Co o tom ví Češka z blízkosti Salviniho?;Protiproud TV přináší diskusi Petra Hájka se známou českou publicistkou Monikou Pilloni, která již přes 15 let žije v Itálii, kde se také aktivně zapojila do politického zápasu Mattea Salviniho za návrat normálního světa
Invaze v plném proudu: Migranti obsadili vlak ČD do Prahy. Expresní rezervace pro vetřelce. Zkáza v Hulíně. Čechům nabízejí evakuaci. Semeniště chorob. Horor skončil v Praze. Vlastně začal: Půjdou dál, nebo se ubytují navždy?;Martin Lavay  líčí vskutku nevšední zážitek z cesty Slováckým expresem ze Zlína do Prahy, ptá se, zda je tohle "nová normalita" - a protože na i-dnes jeho zprávu cenzor zablokoval, přinášíme ji ve svobodném prostoru my 
Odpálené trubky: Řádil zde Petrov s Boširovem? Základní otázka nabízí odpověď. Stopy vedou do Washingtonu. Vrátí se Německo do hnědé minulosti? Energetická stolička se ještě více viklá. Bojující kříženec a rozpadající se říše;Vladimir Michejev sleduje odezvy na nedávné bezprecedentní odpálení rusko-německého plynovodu, dává tuto událost do zásadních souvislostí, a vyvozuje mnohé podstatné závěry
Cestou na Balkán: Vídeňský tisk zle o italských volbách. Každý, kdo není v řadě, je post-fašista. Muezzini zpívají v Makedonii. Rozdělená země. Pražské demonstrace organizovalo Rusko? Co je to ten Green Deal? Balkán není Západ;Václav Klaus přináší pozoruhodné postřehy ze své cesty do Makedonie a klade si otázku, nakolik je Balkán "Západ" a co tam vlastně lidé o EU (a například i o našich nedávných demonstracích v Praze) vědí, respektive spíše nevědí
Porazila lež a nenávist: Jde o víc než jen jedno křeslo v senátu. Když na ni nic není, alespoň ji popliveme! Sáhla totiž na podvody mocných - a vyhrála. Vládní lži ovšem mainstream nezajímají. Ani 14 miliard. Bůh žehnej nové senátorce!;Zdeněk Koudelka po volebním úspěchu statečné právničky připomíná její dosavadní skvělé profesionální působení - což ostře kontrastuje s upachtěnou snahou režimních médií o její dehonestaci
Vladimír Putin: Osvobozené republiky, Záporoží a Cherson Rusko neopustí. Západ si nás nikdy nepodrobí. Teď USA zotročí i své spojence. Systém s rysy satanismu. Chtějí zničit přirozený svět. S námi je pravda! Za námi Rusko!;Vladimír Putin při příležitosti podepsání dohod o začlenění osvobozených oblastí Donbasu do Ruské federace poukázal na pravou tvář současného Západu, ujistil, že Moskva nikdy neopustí obyvatele Novoruska a fakticky formuloval "Manifest" proti světovládným ambicím USA  
Průlom značek JZH + DK: Malý začátek velké proměny? Kolaboranti se nemění. Lež jako nejvyšší „evropská hodnota“? Písek v soustrojí pyramidy zla. Bolševická kavárna obráceným neodpouští. Co ještě musí přijít?;Petr Hájek komentuje závěrečné výstřely podzimních voleb, dovozuje z jejích výsledků opatrný optimismus a varuje „mlčící většinu“, že její „dlouhé ticho“ se může stát pro ni samu pohřebním maršem
Na pokraji třetí světové války:  Přesně podle plánů architektů NWO. USA i Církev pod vládou temnoty. Bergogliovo falešné náboženství jako nástroj. Fatima to předpověděla. Kam až zednáři zajdou? Horká linka z Argentiny;P. Paul  Kramer odhaluje souvislosti mezi reformami Druhého vatikánského koncilu, vládou Spojených států ovládanou Deep State a současným pontifikem, jemuž velí zednářská lóže z Argentiny - přesně podle Třetího fatimského proroctví
Otevřený případ Jany Z.: Zatápěla Babišově vládě. Vyhrála proti ní řadu soudů. V pátek a v sobotu se s ní utká znovu. Pošle ji Kroměřížsko, aby mocným koukala pod prsty? Dvě další ženy v boji. S pomocí Boží…;Protiproud TV přináší rozhovor Petra Hájka se statečnou právničkou z Kroměřížska, kde se v druhém kole senátních voleb utká nezávislá Moravanka Jana Zwyrtek Hamplová se zástupkyní mocného ANO
Orbán jasně: Západ podporuje válku. My jsme pro mír. Trpaslík sankcionuje obra a spadl do jámy, kterou vykopal jinému. Vlády válečných štváčů začnou padat. Ceny mohou být okamžitě o polovinu nižší. Proč to Brusel nechce?;Václav Danda přináší vyjádření maďarského premiéra k válečnické hysterii elit EU, které si neumějí poradit s krizí, kterou vyvolaly a po vítězství národní pravice v Itálii se ještě více děsí, že nesmyslně ožebračované národy si vezmou ztracenou suverenitu a věci veřejné zpět do svých rukou     
Hororová komedie pokračuje: Protiruské sankce? Čím víc hrozíme, tím více se smějí.  Náš přeborník ve vysílání signálů. Kombinace debilních nápadů. Zabíjení reality režimními médii. Kdo přežil covid, schytá to nyní. Pusťte si trailer!;Nikola Bornová dumá nad tím, čeho všeho jsme dosáhli protiruskými sankcemi, co to znamená bezprostředně pro nás - a v jakém filmu již něco podobného viděla
Dvoje víkendové volby: Zastropování cen u nás byl předvolební podvod. Potěšující vzestup SPD v komunálkách. Přijde rozkol v pětikoalici při skládání radnic? Vítezství národní pravice v Itálii přináší naději. Evropa v pohybu. Fiala v klidu?;Jindřich  Kulhavý komentuje výsledky našich komunálních a senátních voleb a srovnává je s velkolepým úspěchem euroskeptické pravicové koalice v nedělních volbách v Itálii
Po volbách 2. řádu: Převážná část „mlčící většiny“ hlasovala nohama. Babiš s Okamurou sice vítězi, ale jde spíše o mezihru. Ještě ani neznáme dilemata, která přicházejí. Nejen Itálie a Rusko. Ticho před bouří? Boj začíná;Petr Hájek přináší prvních pár poznámek k výsledkům voleb a – navzdory tomu, že mediálně se teď většina zúčastněných prohlašuje za vítěze – nabízí trochu jiný výklad toho, co se tento víkend stalo (či spíše nestalo) – a nevidí důvody k poraženectví a beznaději
Varování: Lidstvo je v agonii, pochopte vážnost situace. Větší trest než biblická potopa. Jak odvrátit katastrofu? Tři dny v absolutní tmě. Naplňují se předpovědi? Nelze již čekat na slabé vůdce. Ten nejlepší pomocník v boji;Karel Bek přináší prorocká varování nejznámějšího světce 20. století, které v současné epoše rezonuje den co den více a více
Další národ EU předmětem vydírání: Němka otevřeně vyhrožuje Italce. Vůle lidu? Nezájem! Zmáčkneme Řím jako Budapešť. Berlusconi jasně: Putin chtěl nahradit Zelenského vládu slušnými lidmi. Brusel v šoku;Pavel  Kopecký konstatuje, že před zítřejšími parlamentními volbami v Itálii dosahuje panika v bruselském "bunkru zločinců" jednoho z dalších vrcholů - a velící (nevolená) Němka už ani nepředstírá, že do voleb v jedné z klíčových gubernií velkoněmecké EU nemá volič co mluvit
Po referendech všechno jinak: Napadení Doněcka, Luhanska, Záporoží a Chersonu by znamenalo útok na Rusko. Hra na kočku a myš skončila. Rumuni, Poláci a Maďaři roztrhají Ukrajinu na kusy. Zlikviduje Západ Zelenského?;Ivan Štubňa dovozuje, že útok Západu (tzv. Kyjeva) na osvobozená území, kde o víkendu proběhnou referenda o připojení k Rusku, by znamenal vyhlášení války Ukrajině se vším všudy, což by pro Kyjev a jeho západní protektory (včetně podřízených  satelitů) mělo fatální následky  
Téma voleb: Protektorátní vláda žene zemi do krize a do války. Fiala kašle na nás i na zákony. Almužna ožebračeným. Německá past. Řešení je prosté, ale vláda zrádců ho nechce (nebo nesmí?). Dostane rázný voličský vzkaz?;Zdeněk Koudelka na prahu voleb, v nichž kandiduje v Brně na senátora proti vládním stranám, komentuje šílenou vládní politiku, která zastupuje všemožné zájmy našich protektorů od Washingtonu, přes Berlín až po Kyjev, ale na naše občany (i českou ústavu) přímo okázale kašle
Západ zašel příliš daleko: Zabránil naší dohodě s kyjevským režimem. Dnes již NATO útočí i na naše území. Ochráníme milióny lidí na Dobasu. Mobilizace 1 % záloh. Máme dost prostředků, abychom se Západu ubránili - jako vždy v historii;Vladimír Putin ve svém "mobilizačním" projevu řekl mnoho důležitých věcí, které se v naší "cenzurované svobodě a demokracii" k veřejnosti nemají dostat - a proto přinášíme celé jeho zásadní vystoupení, které se na Západě okamžitě stalo předmětem obvyklých dezinterpretací
Válka na Ukrajině teprve začíná: NATO vstupuje u Charkova zcela otevřeně do konfliktu. Zoufalství EU. Čeká i Kyjev a další "americká" města dlouhá temná noc? Generálové Volt a Mráz nastupují. Jaké jsou další ruské plány?;Pepe Escobar přináší zprávy z ukrajinského bojiště, kde se po otevřeném vstupu NATO do války původně jen Speciální vojenská operace rychle mění na operaci protiteroristickou, v níž Moskva s blížící se zimou drží v rukou víc než jen raketové trumfy 
Pět dnů: Začátek konce, nebo konec začátku? Okamura před Fialou? Nejásejme předčasně. Fialova drzost bez mezí. Stavba vězeňských cel se zadrhává. Budeme bojovat jako Švédi a Italové? Rozhodne účast. Je to na nás;Petr Hájek si nedělá iluze o průzkumech a dalších metodách volebních manipulací, a připomíná, že pokud to nevezmeme do rukou právě teď, příště bude pozdě
Evropský soud pro lidská práva: Cenzura je v pořádku. Dětský úsměv se zakazuje! Odrazoval by totiž matky od potratů. Eugenika v 21. století. Zákaz svědomí. Tak vypadají ony slavné evropské hodnoty a nediskriminace v praxi;Luca Volonté informuje o dalším hanebném usnesení takzvaného Evropského soudu pro lidská práva, které dokonale ilustruje, do jakého "hodnotového světa" tato nadnárodní instituce ve spojení s vládami vede státy EU (a proč je například Maďarsko nyní na pranýři kvůli údajnému nerespektování "hodnot EU") 
Průmysl vymývání mozků: Jak funguje západní propaganda? Inspirace nacisty. Submisivní prázdnota liberálů. Polib mi, nebo ti rozkopu hlavu. Zprávy o bojích na Ukrajině? Jen snůška primitivních lží. Povstanou skuteční novináři a umělci?;John Pilger dokazuje, že západní propaganda používá tytéž postupy jako média Třetí říše a ptá se, zda se proti zjevným manipulacím a lžím postaví - tak jako při nástupu nacismu - ne jen jednotlivci, ale skutečně celá fronta intelektuálů, spisovatelů, novinářů  a filmařů se svědomím - pokud ještě nějaké mají 
Volby přesně za týden: Jsou klíčové? Nebo platí "Twainova břitva"? Podaří se Fialovým hrdlořezům udržet palebná hnízda? Vrátí milión podvedených úder falešnému systému? Koho volit? Máme doporučení!;Petr Hájek se sice vnitřně kloní spíše k "Twainově břitvě", ale za situace totální krize způsobené Fialovou bruselskou Pátou kolonou je přesvědčen, že možnost zasadit systému první ránu přichází právě teď - a přináší důležitý dokument k orientaci nepodvoleným voličům nepodvolených
Zločin č. 2: Že nečekaná energetická krize? Ne, všechno je to plán! Sociální inženýři z Bruselu i z Prahy tvoří další lockdown. Teď klimatický. Jak "zploštit křivku" bez covidu? Brzy další nouzák? Smeteme je dřív, než nás vypnou?;Michal Semín připomíná, že „Operace energetická chudoba“ je jen další krok do gulagu, před nímž nás už nezachrání nic, než otevřená vzpoura
Smějou se nám do očí: Zastropování? Budeme platit čtyřnásobek loňských cen! Bez ruského plynu? Vyloučeno! Zisky z naší elektřiny dotujeme Německo. Z vody Francii. Jak dlouho ještě? S kým z katastrofy?;Jindřich  Kulhavý vidí ve hře na "zastropování cen energií" jen další důkaz, že vláda všeho schopných neschopných si pořád s námi chce vytírat podlahu - a přesto jí na to mnozí jako slepí a hluší skočí
Vysílá PPTV: Nepodvolení v Protiproudu. Roman Horký mluví o zimě v kultuře i kulturácích. Cenzura jako kdysi. Opět se píše a zpívá „mezi řádky“. Tisícero lží. V dlouhém zatmění. Starý svět. A proč pec na chleba?;Protiproud TV v pokračování seriálu rozhovorů Petra Hájka s galerií nepodvolených uvádí Romana Horkého, frontmana kapely Kamelot, zpěváka, skladatele, ale především rovného muže hodného toho již skoro zničeného slova 
Akce vypínač: Ruské rakety Kalibr ničí ukrajinskou elektrickou infrastrukturu. Města jsou ve tmě. Začala zimní fáze operace. Přesun ruské armády od Charkova na Donbas. Postará se Západ v zimě o mrznoucí Ukrajince? A o sebe?;Václav Danda přináší zprávy z ukrajinské fronty, kde Rusko před blížící se zimou přeskupuje síly a opevňuje se na Donbasu, což smyslů zbavená západní propaganda vydává za počátek porážky Ruska - ač je to právě naopak
Nový hit pro náš lid: Zaklínání se "daty". Propaganda nesmí polevit. Covid byl jen druh cvičení. Skutečně smrtelný bude až Green Deal. Je 17 málo nebo hodně? Oteplování vždy znamenalo prosperitu. Protestují nepřátelé státu, nebo Fialy?;Josef Vohnout ukazuje, jak současná propaganda využívá takzvaná data k tomu, aby jejich falešnou interpretací vykázala všechny nepohodlné názory a jejich nositele na okraj společnosti
Tečkované příběhy: Lidé, kterým covid vakcína zničila život. Nový dokument. Odborníci a oběti: Každou dávkou je to horší. Drsné svědectví Marty Kubišové. Ordinace se rychle plní. Jak dlouho vydrží vakcinační mafie zapírat?;Mária Magotsová upozorňuje na film o negativních účincích očkování proti covidu, který doufejme přispěje k tomu, že se bude o tomto kolosálním podvodu mluvit zase o něco hlasitěji, protože zdaleka není skončen, pouze zakryt dalším super-podvodem - umělou energetickou, hospodářskou a politickou krizí
Smrt královny: Symbolický předobraz smrti celé západní civilizace. Teprve tohle bude pravá epidemie. Evropa před dokonalým kolapsem. Jen týdny do chaosu? S povstáním elity počítají. Pak spustí vybíjení;Mike Adams ve svém americkém Protiproudu (Natural News) hledí se zděšením přes Atlantik, protože správně tuší, že sebevražda EU – zorchestrovaná v rámci Velkého resetu – je za Bidenovy vlády předehrou ke konci a rozvratu Spojených států, jimž beztak hrozí občanská válka
Putinův ostrý a jasný vzkaz: Světový řád založený na hegemonii USA se hroutí. Sankční pec sebevražedně spálí EU. Kyjevský režim je nelegitimní. Rusko hájí své životní zájmy. Nenechá si už nic diktovat Západem. Nepotřebuje ho;Pavel  Kopecký přináší nejdůležitější pasáže z vystoupení Vladimíra Putina na ekonomickém fóru ve Vladivostoku, jež naše režimní média zaujalo jen vzkazem elitám EU z ruské pohádky ("...mrzni, mrzni, vlčí chvoste"), ač mířil k daleko podstatnějším sdělením, která se naše veřejnost nemá dozvědět
V Praze se něco stalo: Předzvěst bouře v celé Evropě. Prý chceme zpět k Varšavské smlouvě. Opravdu tomu Fiala věří? Vzhůru do chudoby za Zelenského? Konec trpělivosti. Praha to začala. Brzy Paříž, Berlín, Londýn, Řím, Madrid...;Bradley Blankenship hledí optikou zahraničního komentátora žijícího v ČR na sobotní demonstraci v Praze, nechápe její tupou interpretaci premiérem Fialou, a prorokuje ostatním evropským metropolím velmi horkou politickou zimu
Kovaní "liberální demokraté" versus lid z Václaváku: Tupá nenávist k Rusku a Putinovi je už diagnóza. Jak široká je platforma hnutí odporu? Každý se jistě nemusí líbit každému. Co vlastně chceme a co nechceme?;Jindřich  Kulhavý se  nad šancemi "hnutí odporu" vyjádřeného zatím nejsilněji sobotní demonstrací zamýšlí z trochu jiného úhlu, a žasne nad mírou nenávisti (v jiných případech přece "zakázané", ba trestné), kterou hystericky produkují "obránci" vládní pětikolky a jejich sorosovská médiia
Hvězda šokující sobotní demonstrace: Hrůza, kterou nám Fialova vláda připravila, tu vůbec nemusela být. Máme experty a jsme připraveni změnit to během několika týdnů. Rozvrat naší země prostě nesmíme dovolit;Protiproud TV uvádí v dalším dílu seriálu Nepodvolení v Protiproudu diskusi Jindřicha Rajchla s Petrem Hájkem, kterého během debaty napadá, zda náhodou nemluví s budoucím premiérem…
Vojenský expert: Moskva se na Ukrajině úspěšně trénuje na invazi NATO. Tajný cíl: Kódy a naváděcí systémy. HIMARS vydal svá tajemství. Putin už získal i šifrovací kódy satelitů GPS. Takže to hlavní skončeno?;Oksana Volginová přináší informace rumunského vojenského experta Valentina Vasilesca, který vysvětluje, že nikoli vedlejším cílem v boji Ruka se státy NATO na Ukrajině bylo získání dat z ukořistěných západních zbraní - což se podařilo tak dokonale, že Moskva vlastně již svých tajných cílů dosáhla 
Nemravnost a sprostota: Náš trh s elektřinou. Proč si miliardáři půjčují od státu? Zločinné direktivy EU. Proč stát nezasáhne? Síkela nic neřeší. V trochu normálním světě by se trestalo. Vládní politika jde dál proti vlastním občanům;Zdeněk Koudelka popisuje, jaké všechny zločinné praktiky vedou k současným pro mnohé likvidačním cenám elektrické energie a kdo za to nese zodpovědnost
Chobotnice a její dětičky: Soud mnohé naznačí. Máme právo rozhodnout, jak a kým chceme být léčeni? Nejen covidismus a vakcinace. Habeas Corpus bojuje. Senátoři za farma byznys. Info nejen pro voliče v Mostě;Erika Magdalena Hájková přináší informace o jednom „malém velkém soudním procesu“, protože má za to, že o naší realitě vypovídá (a vypoví) víc, než se na první pohled možná jeví
Po demonstraci: Fialova vláda se bojí lidí. Důvodně. Svázala nás s německým zeleným šílenstvím. S Ruskem jedná jako smyslů zbavená. Drzý kancléř řečnil v Karolinu. Fiala už raději jezdí do regionů inkognito. Ví zřejmě proč;Jiří Weigl konstatuje, že stotisícová demonstrace odhalila špičku ledovce obří nespokojenosti s vládou, což není důsledek "špatné komunikace", ale katastrofy, kterou v cizích zájmech vnucuje naší zemi - přičemž, veřejnost ví jen zlomek toho, co činí
Zdražili nám zase pivo: Padne Fialova vláda národní zkázy? Nebo že by se už i Švejk mýlil? Se zločinem Green Dealu je spojeno vše. Žebračenky jsme si už zaplatili. Začne zítra na Václaváku nová kapitola občanského odporu?;Ladislav  Jakl komentuje stále dál se roztáčející spirálu zdražování, protože ve světě, ve kterém byly Bruselem záměrně zničeny přirozené základy svobodného trhu - a naše vláda s tím souhlasí - je možné asi už vše
Otázka, která stojí nad všemi ostatními: Být, či nebýt? Či spíše: Budeme či nebudem? Kudy ven z umělé komplexní krize? Jsme už fakticky 17. spolkovou zemí Velkého Německa? Jak zítra, jak za měsíc? A co věštila cikánka?;Protiproud TV v další části seriálu rozhovorů Nepodvolení v Protiproudu přináší diskusi Petra Hájka s bývalým zkušeným diplomatem - dnes poslancem za SPD - Jiřím Kobzou
Kyjev chce za každou cenu zabránit inspekci OSN: Junta nasadila výsadkáře i teroristická komanda. Svět nesmí znát pravdu. Tzv. ofenziva u Chersonu stála téměř 2000 životů elitních "SS". Zima dá klamané veřejnosti tvrdou odpověď...;Václav Danda přináší poslední zprávy z ukrajinské fronty, kde se kyjevský režim pokusil v posledních dnech svým západním protektorům předstírat, že proxy válka Západu proti Rusku ještě není ztracená
Kdybych chtěl zničit zemi: Dělal bych to jako Fiala! Banda surikat a tři hydry. Je horší chválit zabíjení, nebo vyzývat k pletení svetrů? Poroučí tu Němec. Jak z toho? Žádné zázraky. Fialoví se tváří, že nechápou. Pochopí již tuto sobotu?;Ladislav Větvička konstatuje, že současný premiér je vskutku zoufalý případ a vyjmenovává několik jednoduchých řešení, jak naši zemi dostat ze srabu, do něhož nás přivedla fialová loutka rajtující na rozpadající se pětikolce
Otevřeně proti občanům ČR: Síkela v Bruselu horoval pro Pekarové svetry. Začíná pod tlakem ožebračovaných vláda couvat? Obavy z povstání ve státech EU sílí. A co u nás? Začne v sobotu na Václaváku revoluce?;Michal Svatoš přináší informace ze zasedání bruselského výboru pro energetiku, kde Fialův ministr Síkela v rozporu s dnešními proklamacemi brzdil zastropování cen, a prosazoval pouze drastické "úspory energií" na účet občanů - aby prý bylo na válku proti Putinovi
Důvodné podezření: Chystal Kyjev v Záporoží výrobu jaderné bomby? Co má zjistit inspekce v elektrárně? Věděl o kontejnerech Biden? Utajené třaskavé dokumenty mohou otřást USA. Hledala FBI v Trumpově sídle  tyto materiály?;Ivan Štubňa komentuje informace zveřejněné známým ruským politologem a ekonomem Michailem Chazinem, které vrhají nové světlo nejen na ukrajinské ostřelování a blížící se inspekci MAAE v jaderné elektrárně, ale také na neslýchanou razii FBI v sídle amerického exprezidenta
Němec přijel do Prahy diktovat: Konec práva veta! Německá Evropa bude už bez kulis a naplno. Nedostupné energie byly plánem, který se zdařil. Jsou pilířem války bez tanků. Nechcete? Tak vyřešte kvadraturu kruhu!;Petr Hájek užasl nad drzostí, s níž německý kancléř přijel do Prahy diktovat neschopnému českému premiérovi konec naší samostatnosti, a přináší několik myšlenek Jiřího Weigla, které vznikly těsně před tím, než führer práskl bičem…
Máme právo na odpor proti politice bídy a války: Musíme bojovat za cizí zájmy? Válečnický ryk našich vládních politiků. Odmítněme protiruské sankce. Ústava připouští pouze obranou válku. Braňme se, dokud je čas!;Zdeněk Koudelka varuje před zatahováním naší země do války za cizí zájmy, a zároveň jako ústavní právník uvažuje, kde leží hranice, za níž mají občané právo na odpor proti zločinné vládě
Už je to tady oficiálně: Počet lidí na planetě se prý sníží "jen" o polovinu. Zima se postará. Velký reset? Kdepak! Remake Maova Velkého skoku. Plán na hladomor. Válka na dálkový ovladač. Už jsou za dveřmi. Kdo? Co? Odpoví 3. září;Protiproud TV straší Vánocemi, které – nebudou-li poslední – budou mít úplně jinou podobu než dosud, přičemž jenom na nás záleží, necháme-li si nadiktovat tu Fialovu, nebo naopak jemu ukážeme tu naši
Notre-Dame v plamenech: Jacques Annaud vytvořil dílo - poselství. Boj o křesťanské relikvie, nebo o srdce a duši Západu? Patří Kristova trnová koruna republice? Konec nebo nový začátek? Kdo přenese víru přes hořící propast?;Dawid  Sieńkowski přináší zprávu, že i v dnešní sekularizované Francii je možné natočit film se silným poselstvím a ptá se, jaký svět nás bude obklopovat (bude-li vůbec jaký), až (pokud) se brány nejslavnější katedrály za dva roky otevřou  
Den „nezávislosti“ Ukrajiny: Poslední oslava v krátké historii země? I za SSSR měla větší suverenitu. Zmizela celá průmyslová odvětví. Všechno řídí západní žraloci. Bude se v budoucnu slavit „Den znovusjednocení"?;Alexandr  Dudčak se zamýšlí nad dnešním svátkem, který "slaví" zubožená a vyrabovaná země, která se stala kolonií Západu, kde vše řídí zahraniční poradci a jejich domácí kolaboranti - tak jak to Západ plánoval pro Jelcinovo Rusko, ale Putin mu to zmařil
Velký reset: Žádné vlastnictví bytů či domů. Proces destrukce vlastnictví již začal. Tresty pro zlobivé jako v Číně. Cesta ke svobodě je nevolit covidisty ani ukrajinské vlaječkáře. Odhodlejme se k občanské neposlušnosti. Braňme se!;Vernon  Coleman upozorňuje, že kromě sociálních kreditů, likvidace hotovosti a dalších báječných "pokrokových" praktik moci, ve světě Velkého resetu nebudou mít obyčejní lidé dovoleno vlastnit svůj dům či byt - a ukazuje, jak tento plán již  "elity" Západu začaly realizovat
Síkelova zima se blíží: Pošleme své děti do promrzlého pelechu? Lockdowny i bez covidu? Je Fialova vláda "jen" neschopná? Nebo naopak dobře plní zadaný úkol likvidace? Velký reset chudoby a totality. Necháme si to líbit?;Michal Semín už dosti konkrétně tuší, co na nás  Fialova vláda (kromě Pekarové svetru) šije. Pochybuje, že jde jen o neschopnost a vybízí k účasti na první velké protivládní demonstraci 3. září na Václavském náměstí v Praze
Zjištění: Kyjev má zbraně hromadného ničení. Junta se nezastaví před ničím. Teroristické činy s použitím bojových jedů. V sestřelených dronech nalezeny aerosoly s botulotoxinem. Jak odpoví Rusko? O další krok blíž zkáze;Jurij  Selivanov  přináší alarmující důkazy o používání chemických zbraní kyjevským režimem, který k oddálení své likvidace je v americké režii už schopen čehokoliv - včetně vyvolání jaderné havárie či masových otrav civilistů zakázanými bojovými jedy
Velká Británie v troskách: V zemi není nic, co by nebylo v rozkladu. Nefunkční stát a neschopnost politiků řešit situaci. O slovo se hlásí odbory. Stávkovat hodlá většina obyvatel. Čeká Velkou Británii hladomor? Jalové kalorie pro voliče;Ben Wright už i na stránkách totálního mainstreamu The Daily Telegraph líčí katastrofální situaci v ekonomice, v řízení státu a důsledky v dramaticky narůstajícím společenském napětí, které jako by z oka vypadlo těm našim - což nejspíše nebude náhoda... 
Atentát na Darju Duginovou: Komanda CIA a SBU v akci. Západ zaútočil přímo u Moskvy. Půjde o bod zlomu? Duginův kategorický imperativ.  Zástupná válka se mění na otevřenou. Zasáhne Moskva "rozhodovací centra", jak varoval Putin?;Pepe Escobar komentuje atentát na dceru Alexandra Dugina, významného ruského filosofa a poradce Vladimíra Putina, a vidí v této teroristické operaci západních zpravodajských centrál překročení červené linie, jež může vyústit v definitivní změnu strategie ruského velení  
Protiproud TV: Co bylo skutečnou příčinou srpna 68? O okupaci nešlo. Režimy podobné jako vejce vejci. Mouřenín. Nelze jim věřit ani dobrý den. Opět jde o všechno. Šok bude horší než tehdy. První nedělní komentář PPTV;Protiproud TV  přináší obvyklý nedělní komentář Petra Hájka, tentokrát nejen čtenářům, ale i divákům a posluchačům Protiproudu - a zrovna na každoročně hlučně prožívané výročí srpna osmašedesát
Vědecká analýza zázraku: Ve svaté hostii prokázána krev trpícího. Pán fyzicky pří­to­men v každé čás­teč­ce. Podávání na ruku: Duchovní zločin? Každý má možnost volby. Raději přijímat duchovně než šlapat po Kristu...;Radomír Malý přináší informace o výsledcích bádání italského vědce, který nemodernějšími vědeckými metodami prokázal přítomnost Kristovy krve i v těch nejnepatrnějších úlomcích svaté hostie    
Skončil zástupný konflikt: Začala válka mezi NATO a Ruskem. USA operují již i na ruském území. Přejí si jadernou odpověď. Hlavní města Západu už brzy smetena z povrchu? Včera nemyslitelná 3. světová válka je již na dohled;Pavel  Kopecký přináší závažný materiál prestižního amerického think tanku Strategic Culture Foundation, ze kterého vyplývá, že přenesením války na ruské území, k němuž právě dochází, se Západ bez ohledu na apokalyptické následky, zjevně rozhodl pro sebevražedný přímý střet z Ruskem 
Vláda s katastrofální inflací nic nedělá: Jen roztáčí dál spirálu. Hlavně, že platí spoustu příživníků - poradců. Učitelé 130 % navždy? Dálnice do Varů na festival. Jak škodit a vydírat. A zakázky pro mluvčí pražské TOPky a STANu...;Václav Klaus glosuje současnou dramatickou ekonomickou situaci v České republice, kterou Fialova vláda téměř programově zhoršuje, namísto aby podnikala alespoň ty nejzákladnější kroky ke stabilizaci
