https://www.seznamzpravy.cz/clanek/koronavirus-blog-lide-drou-malo-divi-se-sefove-korporatu-vyhodit-by-meli-hlavne-sebe-218242~Blog: Lidé dřou málo, diví se šéfové korporátů. Vyhodit by měli hlavně sebe
https://www.seznamzpravy.cz/clanek/sport-fotbal-jina-liga-glosar-videosudi-franek-ligu-potopil-a-strelec-pavelka-ji-zase-zachranil-218535~Glosář: Videosudí Franěk ligu potopil a&nbsp;střelec Pavelka ji zase zachránil
https://www.seznamzpravy.cz/clanek/domaci-daleko-od-skol-i-od-hospod-kde-se-ma-v-cesku-prodavat-marihuana-217830~Daleko od škol i&nbsp;od hospod. Kde se má v&nbsp;Česku prodávat marihuana
https://www.seznamzpravy.cz/clanek/kultura-chtela-bych-mit-dite-ale-ne-misto-zivota-rika-hrdinka-filmu-o-potratu-218447~„Chtěla bych mít dítě. Ale ne místo života,“ říká hrdinka filmu o&nbsp;potratu
https://www.seznamzpravy.cz/clanek/domaci-zivot-v-cesku-pod-carou-tradicni-remesla-jsou-dulezita-ale-nedelejme-z-nich-kult-218476~Pod čarou: Tradiční řemesla jsou důležitá, ale nedělejme z&nbsp;nich kult
https://www.seznamzpravy.cz/clanek/porady-stastne-pondeli-jindricha-sidla-7-sezona-slava-rusku-hanba-homosexualum-hracky-detem-vite-kde-nakupujete-218501~Sláva Rusku, hanba homosexuálům, hračky dětem! Víte, kde nakupujete?
https://www.seznamzpravy.cz/clanek/zahranicni-cina-nejvic-nici-planetu-slibovany-radikalni-obrat-odnaseji-obycejni-lide-217654~Čína nejvíc ničí planetu. Slibovaný radikální obrat odnášejí obyčejní lidé
https://www.seznamzpravy.cz/clanek/fakta-radnice-opanovali-muzi-v-polovine-velkych-mest-vladne-ods-spolu-s-ano-218393~Radnice opanovali muži. V&nbsp;polovině velkých měst vládne ODS spolu s&nbsp;ANO 
https://www.seznamzpravy.cz/clanek/volby-prezidentske-pohled-sefredaktora-pan-zeman-chce-kourit-ale-ma-smulu-za-kulisy-voleb-218432~Pohled šéfredaktora: Pan Zeman chce kouřit, ale má smůlu. Za kulisy voleb
https://www.seznamzpravy.cz/clanek/sport-fotbal-jina-liga-komentar-sportovni-agentura-neslape-fotky-s-jagrem-ani-hadky-nepomohly-218407~Komentář: Sportovní agentura nešlape. Fotky s&nbsp;Jágrem ani hádky nepomohly
https://www.seznamzpravy.cz/clanek/volby-prezidentske-varovani-soudcu-novy-prezident-muze-byt-bezohlednejsi-nez-koncici-zeman-217856~Nový prezident může být ještě bezohlednější než Zeman, varují právníci
https://www.seznamzpravy.cz/clanek/kultura-recenze-povidky-o-valce-na-ukrajine-jsou-nejsilnejsi-kdyz-vypraveji-tise-218374~Recenze: Putin jako liliput. Vyšly povídky o&nbsp;válce na Ukrajině
https://www.seznamzpravy.cz/clanek/audio-podcast-dve-minuty-glosa-kam-zmizel-general-pavel-218372~Glosa: Kam zmizel generál Pavel? 
https://www.seznamzpravy.cz/clanek/zahranicni-komentar-rusko-po-putinovi-navalnyj-chce-demokracii-bez-demokratu-218346~Komentář: Rusko po Putinovi? Navalnyj chce demokracii bez demokratů
https://www.seznamzpravy.cz/clanek/domaci-zivot-v-cesku-glosa-pirati-zdravi-facebook-218270~Glosa: Pirát Bartoš natočil promo video pro Facebook
https://www.seznamzpravy.cz/clanek/zahranicni-rusko-proti-vsem-fenomen-stary-jako-krymske-valky-moskva-opet-podcenuje-218140~Putin opakuje historické chyby
https://www.seznamzpravy.cz/clanek/zahranicni-komentar-soud-nesoud-budu-premierem-218272~Komentář: Soud nesoud, budu premiérem!
https://www.seznamzpravy.cz/clanek/tmbk-tmbk-rusove-uz-vedi-ze-proti-nim-cesko-chysta-vojenske-akce-218274~TMBK: Rusové už vědí, že proti nim Česko chystá vojenské akce
https://www.seznamzpravy.cz/clanek/kultura-taylor-swift-je-nejposlouchanejsi-hudebnice-sveta-proc-ji-nemame-radi-218260~Taylor Swift je nejposlouchanější na světě. Proč ji nemáme rádi?
https://www.seznamzpravy.cz/clanek/sport-fotbal-jina-liga-glosar-proc-plzen-inkasovala-mezi-elitou-miliony-ale-i-golove-pridely-218249~Glosář: Proč Plzeň inkasovala mezi elitou miliony, ale i&nbsp;gólové příděly
https://www.seznamzpravy.cz/clanek/nazory-komentare-pevne-nervy-zatnout-zuby-a-nefandit-seznam-zpravy-maji-prezidentsky-kodex-218210~Pevné nervy, zatnout zuby a&nbsp;nefandit. Seznam Zprávy mají prezidentský kodex
https://www.seznamzpravy.cz/clanek/ekonomika-finance-bohatnout-budou-hlavne-zeny-i-v-cesku-ziskaji-vetsinu-majetku-rika-vyzkum-218212~Změny srovnatelné s&nbsp;válečnými otřesy. Majetek se přesouvá do rukou žen
https://www.seznamzpravy.cz/clanek/domaci-vizita-zdravotnictvi-na-cedecku-cesko-zaostava-v-digitalizaci-218227~Vizita: Zdravotnictví na cédéčku? Česko zaostává v&nbsp;digitalizaci
https://www.seznamzpravy.cz/clanek/zahranicni-komentar-brazilie-s-lulou-neni-az-tak-co-slavit-218207~Komentář: Brazílie s&nbsp;Lulou? Není až tak co slavit
https://www.seznamzpravy.cz/clanek/volby-prezidentske-babisova-prezidentska-strategie-chce-zopakovat-zemanuv-figl-218124~Babišova prezidentská strategie? Chce zopakovat Zemanův fígl
https://www.seznamzpravy.cz/clanek/volby-prezidentske-komentar-nebude-to-hezke-presto-je-babis-v-boji-o-hrad-vitany-218144~Komentář: Nebude to hezké. Přesto je Babiš v&nbsp;boji o&nbsp;Hrad vítaný
https://www.seznamzpravy.cz/clanek/nazory-komentare-recenze-na-zapadni-fronte-chliv-netflix-znicil-valecnou-klasiku-218076~Recenze: Na západní frontě chlív. Netflix zničil válečnou klasiku
https://www.seznamzpravy.cz/clanek/domaci-zivot-v-cesku-nebezpecny-navrat-co-se-stalo-s-chripkou-a-proc-budi-v-cesku-vetsi-obavy-217560~Lidé se nechtějí omezovat a&nbsp;přišli o&nbsp;protilátky. Proč se bát letošní chřipkové sezony
https://www.seznamzpravy.cz/clanek/volby-prezidentske-komentar-prezidentsky-dotaznik-zacneme-se-kandidatu-ptat-na-to-hlavni-218054~Komentář: Prezidentský dotazník. Začněme se kandidátů ptát na to hlavní
https://www.seznamzpravy.cz/clanek/volby-prezidentske-komentar-babis-kandiduje-malokdo-se-na-hrad-hodi-mene-218065~Komentář: Babiš kandiduje. Málokdo se na Hrad hodí méně 
https://www.seznamzpravy.cz/clanek/tmbk-tmbk-babis-ma-sanci-volby-vyhrat-ma-to-ale-drobny-hacek-218062~TMBK: Babiš má šanci volby vyhrát. Má to ale drobný háček
https://www.seznamzpravy.cz/clanek/audio-podcast-dve-minuty-glosa-spolecne-proti-putinovi-s-notebookem-v-hospode-217803~Glosa: Společně proti Putinovi. S&nbsp;notebookem v&nbsp;hospodě
https://www.seznamzpravy.cz/clanek/kultura-recenze-tulak-a-za-nim-divadlo-tresnak-se-vraci-s-vytecne-uzralou-deskou-217704~Recenze: Tulák a&nbsp;za ním divadlo. Třešňák se vrací s&nbsp;výtečně uzrálou deskou
https://www.seznamzpravy.cz/clanek/tech-technologie-internet-prazdny-smutny-svet-markova-silena-vize-budoucnosti-potapi-celou-firmu-217228~„Prázdný smutný svět.“ Markova šílená vize budoucnosti potápí celou firmu
https://www.seznamzpravy.cz/clanek/porady-stastne-pondeli-jindricha-sidla-7-sezona-mysli-vzdy-o-dva-tahy-dopredu-top-10-nejvetsich-uspechu-mz-218019~„Myslí vždy o&nbsp;dva tahy dopředu.“ Top 10&nbsp;největších úspěchů MZ
https://www.seznamzpravy.cz/clanek/tmbk-tmbk-posledni-rok-kdy-muze-mit-statni-vyznamenani-uplne-kdokoliv-217927~TMBK: Poslední rok, kdy může mít státní vyznamenání úplně kdokoliv
https://www.seznamzpravy.cz/clanek/domaci-politika-glosa-kvuli-putinovi-financne-krvacime-lepsi-nez-mit-hanbou-zohyzdenou-tvar-217681~Glosa: Kvůli Putinovi finančně krvácíme. Lepší než mít hanbou zohyzděnou tvář
https://www.seznamzpravy.cz/clanek/domaci-politika-glosa-babis-jde-mozna-zemanovi-oznamit-ze-ho-nahradi-217826~Glosa: Babiš jde možná Zemanovi oznámit, že ho nahradí
https://www.seznamzpravy.cz/clanek/domaci-zivot-v-cesku-komentar-potrestat-strougala-nizsi-penze-pro-komunisty-maji-hlubsi-smysl-217692~Komentář: Potrestat Štrougala? Nižší penze pro komunisty mají hlubší smysl
https://www.seznamzpravy.cz/clanek/fakta-jaderny-utok-hodiny-posledniho-soudu-jsou-100-vterin-od-zkazy-217706~Jaderný útok? Hodiny posledního soudu jsou 100&nbsp;vteřin od zkázy
https://www.seznamzpravy.cz/clanek/kultura-recenze-film-o-adamu-ondrovi-testuje-hranice-tela-i-lasky-217679~Recenze: Film o&nbsp;Adamu Ondrovi testuje hranice těla i&nbsp;lásky
https://www.seznamzpravy.cz/clanek/audio-podcast-dve-minuty-glosa-evropu-ceka-vysoka-hra-malych-muzu-ted-pribyl-dalsi-217730~Glosa: Evropu čeká vysoká hra malých mužů. Teď přibyl další
https://www.seznamzpravy.cz/clanek/volby-komunalni-glosa-kdyz-si-agent-placne-se-zlocincem-aneb-kampane-vymknute-z-kloubu-217732~Glosa: Když si agent plácne se zločincem aneb Kampaně vymknuté z&nbsp;kloubů 
https://www.seznamzpravy.cz/clanek/domaci-vizita-hleda-se-pribeh-o-spoluucasti-specha-to-217676~Vizita: Hledá se příběh o&nbsp;spoluúčasti. Spěchá to
https://www.seznamzpravy.cz/clanek/volby-prezidentske-zeman-za-sebou-nechava-diplomaticky-spalenou-zemi-svet-ho-uz-tise-ignoruje-217613~Zeman za sebou nechává diplomaticky spálenou zemi. Svět mu nezapomněl
https://www.seznamzpravy.cz/clanek/tmbk-tmbk-pekarova-a-vystrcil-nedostali-pozvanku-na-hrad-a-rozhodli-se-to-resit-217630~TMBK: Pekarová a&nbsp;Vystrčil nedostali pozvánku na Hrad a&nbsp;rozhodli se to řešit
https://www.seznamzpravy.cz/clanek/domaci-politika-glosa-pruvodce-udelovanim-statnich-vyznamenani-217637~Glosa: Průvodce udělováním státních vyznamenání  
https://www.seznamzpravy.cz/clanek/audio-podcast-dve-minuty-glosa-babis-na-paroubkove-ceste-217634~Glosa: Babiš na Paroubkově cestě
https://www.seznamzpravy.cz/clanek/domaci-babis-babis-a-polistopadovy-kartel-pronikl-do-nej-na-kurtech-i-penezi-pro-politiky-217571~Babiš tvrdí, že není součástí „polistopadového kartelu“. Realita je ale jiná
https://www.seznamzpravy.cz/clanek/domaci-politika-komentar-valecna-dan-muze-byt-lek-i-jed-rizika-jsou-velka-217587~Komentář: Válečná daň může být lék i&nbsp;jed. Rizika jsou velká
https://www.seznamzpravy.cz/clanek/tmbk-tmbk-petru-pavlovi-muzete-verit-217572~TMBK: Petru Pavlovi můžete věřit
https://www.seznamzpravy.cz/clanek/domaci-zivot-v-cesku-blog-kocovina-uz-neni-cool-strizlivost-prestava-byt-divna-217482~Blog: Kocovina už není cool. Střízlivost přestává být divná
https://www.seznamzpravy.cz/clanek/kultura-recenze-nechces-bony-velka-kniha-o-vekslacich-pripomina-policejni-spis-217530~Recenze: „Bony byste neměl, pane Havel?“ Veksláci konečně mají vlastní knihu
https://www.seznamzpravy.cz/clanek/volby-komunalni-ano-a-ods-zacaly-z-ceske-politicke-mapy-gumovat-male-strany-217377~Rivalové? V&nbsp;regionech jen naoko, ANO s&nbsp;ODS likvidují místní politiky
https://www.seznamzpravy.cz/clanek/sport-fotbal-jina-liga-glosar-sparta-v-derby-na-padrt-priske-se-podepsal-pod-historickou-ostudu-217507~Glosář: Sparta v&nbsp;derby na padrť. Priske se podepsal pod historickou ostudu
https://www.seznamzpravy.cz/clanek/tmbk-tmbk-milose-zemana-ceka-dalsi-zahranicni-cesta-miri-do-vesmiru-217489~TMBK: Miloše Zemana čeká další zahraniční cesta. Míří do vesmíru
https://www.seznamzpravy.cz/clanek/volby-prezidentske-esej-igora-lukese-tomas-garrigue-masaryk-jeden-z-nas-a-pritom-nad-nami-217139~Esej Igora Lukeše: Tomáš Garrigue Masaryk: Jeden z&nbsp;nás, a&nbsp;přitom nad námi
https://www.seznamzpravy.cz/clanek/kultura-youtube-fabulace-jana-spacka-kdyz-se-nejblize-k-politikum-dostane-satirik-217419~Kdo se umí dostat politikům pod kůži? Třiadvacetiletý YouTuber
https://www.seznamzpravy.cz/clanek/kultura-pod-carou-papirovym-kniham-neodzvonilo-staly-se-kusem-nasi-osobnosti-217403~Pod čarou: Papírovým knihám neodzvonilo&nbsp;– staly se kusem naší osobnosti
https://www.seznamzpravy.cz/clanek/porady-stastne-pondeli-jindricha-sidla-7-sezona-proc-ceskym-politikum-porad-rostou-platy-muze-za-to-automat-217456~Proč českým politikům pořád rostou platy? Může za to „automat“
https://www.seznamzpravy.cz/clanek/audio-podcast-dve-minuty-glosa-zeman-neni-havel-aneb-odchazeni-v-jinem-stylu-217374~Glosa: Zeman není Havel aneb Odcházení v&nbsp;jiném stylu
https://www.seznamzpravy.cz/clanek/volby-prezidentske-glosa-zasahne-do-boje-o-hrad-stropnicky-nebo-stropnicka-217413~Glosa: Zasáhne do boje o&nbsp;Hrad Stropnický, nebo Stropnická?
https://www.seznamzpravy.cz/clanek/kultura-recenze-il-boemo-ukazuje-ze-ani-geniove-nemaji-vse-pod-kontrolou-217393~Recenze: Il Boemo ukazuje, že ani géniové nemají vše pod kontrolou
https://www.seznamzpravy.cz/clanek/zahranicni-psano-z-moskvy-sankce-rusy-neznicily-udelaly-jim-neco-mnohem-horsiho-217367~Psáno z&nbsp;Moskvy: Sankce Rusy nezničily. Udělaly jim něco mnohem horšího
https://www.seznamzpravy.cz/clanek/domaci-politika-glosa-zemanovo-louceni-s-hyenami-a-povlem-217331~Glosa: Zemanovo loučení s&nbsp;hyenami a&nbsp;póvlem
https://www.seznamzpravy.cz/clanek/zahranicni-americke-volby-ovlivni-fenomen-trump-prezident-biden-ma-duvod-bat-se-o-praci-217342~Americké volby ovlivní fenomén Trump. Prezident Biden má důvod bát se o&nbsp;práci
https://www.seznamzpravy.cz/clanek/audio-podcast-dve-minuty-glosa-boj-za-lidska-prava-neni-na-castecny-uvazek-217344~Glosa: Boj za lidská práva není na částečný úvazek
https://www.seznamzpravy.cz/clanek/tmbk-tmbk-dominikovi-ferimu-hrozi-az-deset-let-ve-vezeni-217352~TMBK: Dominikovi Ferimu hrozí až deset let ve vězení
https://www.seznamzpravy.cz/clanek/domaci-politika-komentar-varovani-pro-vladu-z-londyna-a-budapesti-nerozdavejme-co-nemame-217303~Komentář: Varování pro vládu z&nbsp;Londýna a&nbsp;Budapešti. Nerozdávejme, co nemáme
https://www.seznamzpravy.cz/clanek/volby-prezidentske-komentar-volny-pad-karla-janecka-217302~Komentář: Volný pád Karla Janečka
https://www.seznamzpravy.cz/clanek/zahranicni-komentar-my-jsme-zahrada-vy-dzungle-pysna-evropa-vrsi-chyby-217295~Komentář: My jsme zahrada, vy džungle. Pyšná Evropa vrší chyby
https://www.seznamzpravy.cz/clanek/ekonomika-drahe-energie-nici-evropu-trh-je-rukojmim-paniky-a-manipulaci-217103~Panika i&nbsp;manipulace. Proč nevíme, kolik bude stát elektřina
https://www.seznamzpravy.cz/clanek/domaci-zivot-v-cesku-glosa-moralni-spor-o-suv-patri-male-tanky-do-mest-217194~Glosa: Morální spor o&nbsp;SUV. Máme zakázat malým tankům vjezd do českých měst?
https://www.seznamzpravy.cz/clanek/domaci-politika-komentar-nejvyssi-cas-porusit-sliby-aspon-jeden-217237~Komentář: Nejvyšší čas porušit sliby. Aspoň jeden
https://www.seznamzpravy.cz/clanek/volby-prezidentske-komentar-fischer-se-znemoznil-v-boji-o-hrad-sotva-s-nim-zacal-217233~Komentář: Fischer se znemožnil v&nbsp;boji o&nbsp;Hrad, sotva s&nbsp;ním začal
